,press,vol,temp
0,101325.00,1.00,220.00
1,101325.00,1.00,220.00
2,101325.00,1.00,220.00
3,101325.00,1.00,220.00
4,101325.00,1.00,220.00
5,101325.00,1.00,220.00
6,101325.00,1.00,220.00
7,101325.00,1.00,220.00
8,101325.00,1.00,220.00
9,101325.00,1.00,220.00
10,101325.00,1.00,220.00
11,101325.00,1.00,220.00
12,101325.00,1.00,220.00
13,101325.00,1.00,220.00
14,101325.00,1.00,220.00
15,101325.00,1.00,220.00
16,101325.00,1.00,220.00
17,101325.00,1.00,220.00
18,101325.00,1.00,220.00
19,101325.00,1.00,220.00
20,101325.00,1.00,220.00
21,101325.00,1.00,220.00
22,101325.00,1.00,220.00
23,101325.00,1.00,220.00
24,101325.00,1.00,220.00
25,101325.00,1.00,220.00
26,101325.00,1.00,220.00
27,101325.00,1.00,220.00
28,101325.00,1.00,220.00
29,101325.00,1.00,220.00
30,101325.00,1.00,220.00
31,101325.00,1.00,220.00
32,101325.00,1.00,220.00
33,101325.00,1.00,220.00
34,101325.00,1.00,220.00
35,101325.00,1.00,220.00
36,101325.00,1.00,220.00
37,101325.00,1.00,220.00
38,101325.00,1.00,220.00
39,101325.00,1.00,220.00
40,101325.00,1.00,220.00
41,101325.00,1.00,220.00
42,101325.00,1.00,220.00
43,101325.00,1.00,220.00
44,101325.00,1.00,220.00
45,101325.00,1.00,220.00
46,101325.00,1.00,220.00
47,101325.00,1.00,220.00
48,101325.00,1.00,220.00
49,101325.00,1.00,220.00
50,101325.00,1.00,220.00
51,101325.00,1.00,220.00
52,101325.00,1.00,220.00
53,101325.00,1.00,220.00
54,101325.00,1.00,220.00
55,101325.00,1.00,220.00
56,101325.00,1.00,220.00
57,101325.00,1.00,220.00
58,101325.00,1.00,220.00
59,101325.00,1.00,220.00
60,101325.00,1.00,220.00
61,101325.00,1.00,220.00
62,101325.00,1.00,220.00
63,101325.00,1.00,220.00
64,101325.00,1.00,220.00
65,101325.00,1.00,220.00
66,101325.00,1.00,220.00
67,101325.00,1.00,220.00
68,101325.00,1.00,220.00
69,101325.00,1.00,220.00
70,101325.00,1.00,220.00
71,101325.00,1.00,220.00
72,101325.00,1.00,220.00
73,101325.00,1.00,220.00
74,101325.00,1.00,220.00
75,101325.00,1.00,220.00
76,101325.00,1.00,220.00
77,101325.00,1.00,220.00
78,101325.00,1.00,220.00
79,101325.00,1.00,220.00
80,101325.00,1.00,220.00
81,101325.00,1.00,220.00
82,101325.00,1.00,220.00
83,101325.00,1.00,220.00
84,101325.00,1.00,220.00
85,101325.00,1.00,220.00
86,101325.00,1.00,220.00
87,101325.00,1.00,220.00
88,101325.00,1.00,220.00
89,101325.00,1.00,220.00
90,101325.00,1.00,220.00
91,101325.00,1.00,220.00
92,101325.00,1.00,220.00
93,101325.00,1.00,220.00
94,101325.00,1.00,220.00
95,101325.00,1.00,220.00
96,101325.00,1.00,220.00
97,101325.00,1.00,220.00
98,101325.00,1.00,220.00
99,101325.00,1.00,220.00
100,101325.00,1.00,220.00
101,101325.00,1.00,220.00
102,101325.00,1.00,220.00
103,101325.00,1.00,220.00
104,101325.00,1.00,220.00
105,101325.00,1.00,220.00
106,101325.00,1.00,220.00
107,101325.00,1.00,220.00
108,101325.00,1.00,220.00
109,101325.00,1.00,220.00
110,101325.00,1.00,220.00
111,101325.00,1.00,220.00
112,101325.00,1.00,220.00
113,101325.00,1.00,220.00
114,101325.00,1.00,220.00
115,101325.00,1.00,220.00
116,101325.00,1.00,220.00
117,101325.00,1.00,220.00
118,101325.00,1.00,220.00
119,101325.00,1.00,220.00
120,101325.00,1.00,220.00
121,101325.00,1.00,220.00
122,101325.00,1.00,220.00
123,101325.00,1.00,220.00
124,101325.00,1.00,220.00
125,101325.00,1.00,220.00
126,101400.95,1.00,220.00
127,101477.02,1.00,220.00
128,101553.21,1.00,220.00
129,101629.50,1.00,220.00
130,101705.91,1.00,220.00
131,101782.45,1.00,220.00
132,101859.09,0.99,220.00
133,101935.84,0.99,220.00
134,102012.72,0.99,220.00
135,102089.71,0.99,220.00
136,102166.82,0.99,220.00
137,102244.04,0.99,220.00
138,102321.38,0.99,220.00
139,102398.83,0.99,220.00
140,102476.41,0.99,220.00
141,102554.10,0.99,220.00
142,102631.91,0.99,220.00
143,102709.84,0.99,220.00
144,102787.88,0.99,220.00
145,102866.05,0.99,220.00
146,102944.33,0.98,220.00
147,103022.73,0.98,220.00
148,103101.26,0.98,220.00
149,103179.91,0.98,220.00
150,103258.66,0.98,220.00
151,103337.54,0.98,220.00
152,103416.54,0.98,220.00
153,103495.66,0.98,220.00
154,103574.91,0.98,220.00
155,103654.27,0.98,220.00
156,103733.77,0.98,220.00
157,103813.38,0.98,220.00
158,103893.11,0.98,220.00
159,103972.97,0.97,220.00
160,104052.95,0.97,220.00
161,104133.06,0.97,220.00
162,104213.29,0.97,220.00
163,104293.64,0.97,220.00
164,104374.12,0.97,220.00
165,104454.72,0.97,220.00
166,104535.45,0.97,220.00
167,104616.30,0.97,220.00
168,104697.27,0.97,220.00
169,104778.38,0.97,220.00
170,104859.60,0.97,220.00
171,104940.95,0.97,220.00
172,105022.43,0.96,220.00
173,105104.03,0.96,220.00
174,105185.76,0.96,220.00
175,105267.61,0.96,220.00
176,105349.59,0.96,220.00
177,105431.70,0.96,220.00
178,105513.94,0.96,220.00
179,105596.30,0.96,220.00
180,105678.79,0.96,220.00
181,105761.42,0.96,220.00
182,105844.18,0.96,220.00
183,105927.06,0.96,220.00
184,106010.08,0.96,220.00
185,106093.22,0.96,220.00
186,106176.49,0.95,220.00
187,106259.91,0.95,220.00
188,106343.45,0.95,220.00
189,106427.12,0.95,220.00
190,106510.91,0.95,220.00
191,106594.84,0.95,220.00
192,106678.91,0.95,220.00
193,106763.12,0.95,220.00
194,106847.45,0.95,220.00
195,106931.91,0.95,220.00
196,107016.50,0.95,220.00
197,107101.23,0.95,220.00
198,107186.10,0.95,220.00
199,107271.10,0.94,220.00
200,107356.24,0.94,220.00
201,107441.52,0.94,220.00
202,107526.92,0.94,220.00
203,107612.46,0.94,220.00
204,107698.14,0.94,220.00
205,107783.95,0.94,220.00
206,107869.90,0.94,220.00
207,107955.99,0.94,220.00
208,108042.22,0.94,220.00
209,108128.58,0.94,220.00
210,108215.09,0.94,220.00
211,108301.73,0.94,220.00
212,108388.51,0.93,220.00
213,108475.43,0.93,220.00
214,108562.48,0.93,220.00
215,108649.69,0.93,220.00
216,108737.02,0.93,220.00
217,108824.51,0.93,220.00
218,108912.12,0.93,220.00
219,108999.88,0.93,220.00
220,109087.79,0.93,220.00
221,109175.83,0.93,220.00
222,109264.02,0.93,220.00
223,109352.34,0.93,220.00
224,109440.82,0.93,220.00
225,109529.43,0.93,220.00
226,109618.19,0.92,220.00
227,109707.09,0.92,220.00
228,109796.13,0.92,220.00
229,109885.32,0.92,220.00
230,109974.66,0.92,220.00
231,110064.13,0.92,220.00
232,110153.76,0.92,220.00
233,110243.54,0.92,220.00
234,110333.45,0.92,220.00
235,110423.52,0.92,220.00
236,110513.73,0.92,220.00
237,110604.09,0.92,220.00
238,110694.61,0.92,220.00
239,110785.27,0.91,220.00
240,110876.08,0.91,220.00
241,110967.03,0.91,220.00
242,111058.13,0.91,220.00
243,111149.39,0.91,220.00
244,111240.79,0.91,220.00
245,111332.34,0.91,220.00
246,111424.05,0.91,220.00
247,111515.91,0.91,220.00
248,111607.91,0.91,220.00
249,111700.08,0.91,220.00
250,111792.40,0.91,220.00
251,111884.86,0.91,220.00
252,111977.48,0.90,220.00
253,112070.25,0.90,220.00
254,112163.18,0.90,220.00
255,112256.26,0.90,220.00
256,112349.49,0.90,220.00
257,112442.88,0.90,220.00
258,112536.43,0.90,220.00
259,112630.13,0.90,220.00
260,112723.98,0.90,220.00
261,112817.99,0.90,220.00
262,112912.16,0.90,220.00
263,113006.49,0.90,220.00
264,113100.98,0.90,220.00
265,113195.63,0.90,220.00
266,113290.45,0.89,220.00
267,113385.40,0.89,220.00
268,113480.52,0.89,220.00
269,113575.79,0.89,220.00
270,113671.23,0.89,220.00
271,113766.83,0.89,220.00
272,113862.59,0.89,220.00
273,113958.52,0.89,220.00
274,114054.60,0.89,220.00
275,114150.85,0.89,220.00
276,114247.27,0.89,220.00
277,114343.84,0.89,220.00
278,114440.58,0.89,220.00
279,114537.48,0.88,220.00
280,114634.54,0.88,220.00
281,114731.77,0.88,220.00
282,114829.16,0.88,220.00
283,114926.73,0.88,220.00
284,115024.45,0.88,220.00
285,115122.34,0.88,220.00
286,115220.40,0.88,220.00
287,115318.62,0.88,220.00
288,115417.01,0.88,220.00
289,115515.56,0.88,220.00
290,115614.30,0.88,220.00
291,115713.20,0.88,220.00
292,115812.27,0.87,220.00
293,115911.50,0.87,220.00
294,116010.91,0.87,220.00
295,116110.48,0.87,220.00
296,116210.23,0.87,220.00
297,116310.16,0.87,220.00
298,116410.25,0.87,220.00
299,116510.52,0.87,220.00
300,116610.95,0.87,220.00
301,116711.56,0.87,220.00
302,116812.35,0.87,220.00
303,116913.31,0.87,220.00
304,117014.44,0.87,220.00
305,117115.75,0.87,220.00
306,117217.23,0.86,220.00
307,117318.89,0.86,220.00
308,117420.73,0.86,220.00
309,117522.75,0.86,220.00
310,117624.94,0.86,220.00
311,117727.31,0.86,220.00
312,117829.86,0.86,220.00
313,117932.58,0.86,220.00
314,118035.48,0.86,220.00
315,118138.57,0.86,220.00
316,118241.84,0.86,220.00
317,118345.29,0.86,220.00
318,118448.91,0.86,220.00
319,118552.73,0.85,220.00
320,118656.71,0.85,220.00
321,118760.89,0.85,220.00
322,118865.24,0.85,220.00
323,118969.79,0.85,220.00
324,119074.51,0.85,220.00
325,119179.42,0.85,220.00
326,119284.52,0.85,220.00
327,119389.80,0.85,220.00
328,119495.26,0.85,220.00
329,119600.91,0.85,220.00
330,119706.75,0.85,220.00
331,119812.77,0.85,220.00
332,119918.99,0.84,220.00
333,120025.39,0.84,220.00
334,120131.98,0.84,220.00
335,120238.76,0.84,220.00
336,120345.73,0.84,220.00
337,120452.89,0.84,220.00
338,120560.24,0.84,220.00
339,120667.79,0.84,220.00
340,120775.53,0.84,220.00
341,120883.45,0.84,220.00
342,120991.58,0.84,220.00
343,121099.90,0.84,220.00
344,121208.41,0.84,220.00
345,121317.12,0.84,220.00
346,121426.02,0.83,220.00
347,121535.12,0.83,220.00
348,121644.41,0.83,220.00
349,121753.90,0.83,220.00
350,121863.59,0.83,220.00
351,121973.47,0.83,220.00
352,122083.55,0.83,220.00
353,122193.84,0.83,220.00
354,122304.32,0.83,220.00
355,122414.99,0.83,220.00
356,122525.87,0.83,220.00
357,122636.95,0.83,220.00
358,122748.23,0.83,220.00
359,122859.71,0.82,220.00
360,122971.40,0.82,220.00
361,123083.30,0.82,220.00
362,123195.40,0.82,220.00
363,123307.70,0.82,220.00
364,123420.21,0.82,220.00
365,123532.93,0.82,220.00
366,123645.85,0.82,220.00
367,123758.98,0.82,220.00
368,123872.31,0.82,220.00
369,123985.85,0.82,220.00
370,124099.60,0.82,220.00
371,124213.55,0.82,220.00
372,124327.72,0.81,220.00
373,124442.09,0.81,220.00
374,124556.68,0.81,220.00
375,124671.47,0.81,220.00
376,124786.47,0.81,220.00
377,124901.70,0.81,220.00
378,125017.13,0.81,220.00
379,125132.78,0.81,220.00
380,125248.64,0.81,220.00
381,125364.71,0.81,220.00
382,125480.99,0.81,220.00
383,125597.51,0.81,220.00
384,125714.23,0.81,220.00
385,125831.17,0.81,220.00
386,125948.32,0.80,220.00
387,126065.70,0.80,220.00
388,126183.30,0.80,220.00
389,126301.11,0.80,220.00
390,126419.15,0.80,220.00
391,126537.41,0.80,220.00
392,126655.88,0.80,220.00
393,126774.59,0.80,220.00
394,126893.51,0.80,220.00
395,127012.65,0.80,220.00
396,127132.02,0.80,220.00
397,127251.62,0.80,220.00
398,127371.45,0.80,220.00
399,127491.49,0.79,220.00
400,127611.77,0.79,220.00
401,127732.27,0.79,220.00
402,127853.01,0.79,220.00
403,127973.96,0.79,220.00
404,128095.15,0.79,220.00
405,128216.56,0.79,220.00
406,128338.21,0.79,220.00
407,128460.09,0.79,220.00
408,128582.20,0.79,220.00
409,128704.53,0.79,220.00
410,128827.10,0.79,220.00
411,128949.91,0.79,220.00
412,129072.95,0.79,220.00
413,129196.23,0.78,220.00
414,129319.75,0.78,220.00
415,129443.49,0.78,220.00
416,129567.48,0.78,220.00
417,129691.70,0.78,220.00
418,129816.16,0.78,220.00
419,129940.86,0.78,220.00
420,130065.80,0.78,220.00
421,130190.99,0.78,220.00
422,130316.41,0.78,220.00
423,130442.07,0.78,220.00
424,130567.98,0.78,220.00
425,130694.13,0.78,220.00
426,130820.53,0.77,220.00
427,130947.16,0.77,220.00
428,131074.05,0.77,220.00
429,131201.17,0.77,220.00
430,131328.55,0.77,220.00
431,131456.17,0.77,220.00
432,131584.05,0.77,220.00
433,131712.17,0.77,220.00
434,131840.55,0.77,220.00
435,131969.17,0.77,220.00
436,132098.05,0.77,220.00
437,132227.17,0.77,220.00
438,132356.55,0.77,220.00
439,132486.19,0.76,220.00
440,132616.08,0.76,220.00
441,132746.22,0.76,220.00
442,132876.61,0.76,220.00
443,133007.27,0.76,220.00
444,133138.17,0.76,220.00
445,133269.33,0.76,220.00
446,133400.77,0.76,220.00
447,133532.45,0.76,220.00
448,133664.41,0.76,220.00
449,133796.61,0.76,220.00
450,133929.08,0.76,220.00
451,134061.81,0.76,220.00
452,134194.81,0.76,220.00
453,134328.06,0.75,220.00
454,134461.58,0.75,220.00
455,134595.38,0.75,220.00
456,134729.44,0.75,220.00
457,134863.75,0.75,220.00
458,134998.34,0.75,220.00
459,135133.20,0.75,220.00
460,135268.33,0.75,220.00
461,135403.73,0.75,220.00
462,135539.41,0.75,220.00
463,135675.36,0.75,220.00
464,135811.58,0.75,220.00
465,135948.08,0.75,220.00
466,136084.84,0.74,220.00
467,136221.89,0.74,220.00
468,136359.20,0.74,220.00
469,136496.80,0.74,220.00
470,136634.67,0.74,220.00
471,136772.83,0.74,220.00
472,136911.25,0.74,220.00
473,137049.97,0.74,220.00
474,137188.97,0.74,220.00
475,137328.23,0.74,220.00
476,137467.80,0.74,220.00
477,137607.62,0.74,220.00
478,137747.75,0.74,220.00
479,137888.17,0.73,220.00
480,138028.88,0.73,220.00
481,138169.86,0.73,220.00
482,138311.12,0.73,220.00
483,138452.69,0.73,220.00
484,138594.55,0.73,220.00
485,138736.70,0.73,220.00
486,138879.14,0.73,220.00
487,139021.86,0.73,220.00
488,139164.88,0.73,220.00
489,139308.19,0.73,220.00
490,139451.80,0.73,220.00
491,139595.70,0.73,220.00
492,139739.92,0.73,220.00
493,139884.44,0.72,220.00
494,140029.25,0.72,220.00
495,140174.36,0.72,220.00
496,140319.77,0.72,220.00
497,140465.48,0.72,220.00
498,140611.50,0.72,220.00
499,140757.81,0.72,220.00
500,140904.44,0.72,220.00
501,141051.36,0.72,220.00
502,141198.59,0.72,220.00
503,141346.12,0.72,220.00
504,141493.97,0.72,220.00
505,141642.12,0.72,220.00
506,141790.59,0.71,220.00
507,141939.38,0.71,220.00
508,142088.47,0.71,220.00
509,142237.88,0.71,220.00
510,142387.59,0.71,220.00
511,142537.62,0.71,220.00
512,142687.98,0.71,220.00
513,142838.66,0.71,220.00
514,142989.64,0.71,220.00
515,143140.95,0.71,220.00
516,143292.58,0.71,220.00
517,143444.52,0.71,220.00
518,143596.80,0.71,220.00
519,143749.39,0.70,220.00
520,143902.31,0.70,220.00
521,144055.55,0.70,220.00
522,144209.12,0.70,220.00
523,144363.02,0.70,220.00
524,144517.25,0.70,220.00
525,144671.81,0.70,220.00
526,144826.70,0.70,220.00
527,144981.94,0.70,220.00
528,145137.48,0.70,220.00
529,145293.38,0.70,220.00
530,145449.61,0.70,220.00
531,145606.19,0.70,220.00
532,145763.08,0.70,220.00
533,145920.31,0.69,220.00
534,146077.89,0.69,220.00
535,146235.81,0.69,220.00
536,146394.06,0.69,220.00
537,146552.66,0.69,220.00
538,146552.66,0.69,220.00
539,146552.66,0.69,220.00
540,146552.66,0.69,220.00
541,146552.66,0.69,220.00
542,146552.66,0.69,220.00
543,146552.66,0.69,220.00
544,146552.66,0.69,220.00
545,146552.66,0.69,220.00
546,146552.66,0.69,220.00
547,146552.66,0.69,220.00
548,146552.66,0.69,220.00
549,146552.66,0.69,220.00
550,146552.66,0.69,220.00
551,146552.66,0.69,220.00
552,146552.66,0.69,220.00
553,146552.66,0.69,220.00
554,146552.66,0.69,220.00
555,146552.66,0.69,220.00
556,146552.66,0.69,220.00
557,146552.66,0.69,220.00
558,146552.66,0.69,220.00
559,146552.66,0.69,220.00
560,146552.66,0.69,220.00
561,146552.66,0.69,220.00
562,146552.66,0.69,220.00
563,146552.66,0.69,220.00
564,146552.66,0.69,220.00
565,146552.66,0.69,220.00
566,146552.66,0.69,220.00
567,146552.66,0.69,220.00
568,146552.66,0.69,220.00
569,146552.66,0.69,220.00
570,146552.66,0.69,220.00
571,146552.66,0.69,220.00
572,146552.66,0.69,220.00
573,146552.66,0.69,220.00
574,146552.66,0.69,220.00
575,146552.66,0.69,220.00
576,146552.66,0.69,220.00
577,146552.66,0.69,220.00
578,146552.66,0.69,220.00
579,146552.66,0.69,220.00
580,146552.66,0.69,220.00
581,146552.66,0.69,220.00
582,146552.66,0.69,220.00
583,146552.66,0.69,220.00
584,146552.66,0.69,220.00
585,146552.66,0.69,220.00
586,146552.66,0.69,220.00
587,146552.66,0.69,220.00
588,146552.66,0.69,220.00
589,146552.66,0.69,220.00
590,146552.66,0.69,220.00
591,146552.66,0.69,220.00
592,146552.66,0.69,220.00
593,146552.66,0.69,220.00
594,146552.66,0.69,220.00
595,146552.66,0.69,220.00
596,146552.66,0.69,220.00
597,146552.66,0.69,220.00
598,146552.66,0.69,220.00
599,146552.66,0.69,220.00
600,146552.66,0.69,220.00
601,146552.66,0.69,220.00
602,146552.66,0.69,220.00
603,146552.66,0.69,220.00
604,146552.66,0.69,220.00
605,146552.66,0.69,220.00
606,146552.66,0.69,220.00
607,146552.66,0.69,220.00
608,146552.66,0.69,220.00
609,146552.66,0.69,220.02
610,146552.66,0.69,220.04
611,146552.66,0.69,220.06
612,146552.66,0.69,220.07
613,146552.66,0.69,220.09
614,146552.66,0.70,220.11
615,146552.66,0.70,220.13
616,146552.66,0.70,220.15
617,146552.66,0.70,220.17
618,146552.66,0.70,220.19
619,146552.66,0.70,220.21
620,146552.66,0.70,220.22
621,146552.66,0.70,220.24
622,146552.66,0.70,220.26
623,146552.66,0.70,220.28
624,146552.66,0.70,220.30
625,146552.66,0.70,220.32
626,146552.66,0.71,220.34
627,146552.66,0.71,220.36
628,146552.66,0.71,220.37
629,146552.66,0.71,220.39
630,146552.66,0.71,220.41
631,146552.66,0.71,220.43
632,146552.66,0.71,220.45
633,146552.66,0.71,220.47
634,146552.66,0.71,220.49
635,146552.66,0.71,220.51
636,146552.66,0.71,220.52
637,146552.66,0.71,220.54
638,146552.66,0.71,220.56
639,146552.66,0.72,220.58
640,146552.66,0.72,220.60
641,146552.66,0.72,220.62
642,146552.66,0.72,220.64
643,146552.66,0.72,220.66
644,146552.66,0.72,220.67
645,146552.66,0.72,220.69
646,146552.66,0.72,220.71
647,146552.66,0.72,220.73
648,146552.66,0.72,220.75
649,146552.66,0.72,220.77
650,146552.66,0.72,220.79
651,146552.66,0.73,220.81
652,146552.66,0.73,220.82
653,146552.66,0.73,220.84
654,146552.66,0.73,220.86
655,146552.66,0.73,220.88
656,146552.66,0.73,220.90
657,146552.66,0.73,220.92
658,146552.66,0.73,220.94
659,146552.66,0.73,220.95
660,146552.66,0.73,220.97
661,146552.66,0.73,220.99
662,146552.66,0.73,221.01
663,146552.66,0.74,221.03
664,146552.66,0.74,221.05
665,146552.66,0.74,221.07
666,146552.66,0.74,221.09
667,146552.66,0.74,221.10
668,146552.66,0.74,221.12
669,146552.66,0.74,221.14
670,146552.66,0.74,221.16
671,146552.66,0.74,221.18
672,146552.66,0.74,221.20
673,146552.66,0.74,221.22
674,146552.66,0.74,221.24
675,146552.66,0.74,221.25
676,146552.66,0.75,221.27
677,146552.66,0.75,221.29
678,146552.66,0.75,221.31
679,146552.66,0.75,221.33
680,146552.66,0.75,221.35
681,146552.66,0.75,221.37
682,146552.66,0.75,221.39
683,146552.66,0.75,221.40
684,146552.66,0.75,221.42
685,146552.66,0.75,221.44
686,146552.66,0.75,221.46
687,146552.66,0.75,221.48
688,146552.66,0.76,221.50
689,146552.66,0.76,221.52
690,146552.66,0.76,221.54
691,146552.66,0.76,221.55
692,146552.66,0.76,221.57
693,146552.66,0.76,221.59
694,146552.66,0.76,221.61
695,146552.66,0.76,221.63
696,146552.66,0.76,221.65
697,146552.66,0.76,221.67
698,146552.66,0.76,221.69
699,146552.66,0.76,221.70
700,146552.66,0.77,221.72
701,146552.66,0.77,221.74
702,146552.66,0.77,221.76
703,146552.66,0.77,221.78
704,146552.66,0.77,221.80
705,146552.66,0.77,221.82
706,146552.66,0.77,221.83
707,146552.66,0.77,221.85
708,146552.66,0.77,221.87
709,146552.66,0.77,221.89
710,146552.66,0.77,221.91
711,146552.66,0.77,221.93
712,146552.66,0.77,221.95
713,146552.66,0.78,221.97
714,146552.66,0.78,221.98
715,146552.66,0.78,222.00
716,146552.66,0.78,222.02
717,146552.66,0.78,222.04
718,146552.66,0.78,222.06
719,146552.66,0.78,222.08
720,146552.66,0.78,222.10
721,146552.66,0.78,222.12
722,146552.66,0.78,222.13
723,146552.66,0.78,222.15
724,146552.66,0.78,222.17
725,146552.66,0.79,222.19
726,146552.66,0.79,222.21
727,146552.66,0.79,222.23
728,146552.66,0.79,222.25
729,146552.66,0.79,222.27
730,146552.66,0.79,222.28
731,146552.66,0.79,222.30
732,146552.66,0.79,222.32
733,146552.66,0.79,222.34
734,146552.66,0.79,222.36
735,146552.66,0.79,222.38
736,146552.66,0.79,222.40
737,146552.66,0.80,222.42
738,146552.66,0.80,222.43
739,146552.66,0.80,222.45
740,146552.66,0.80,222.47
741,146552.66,0.80,222.49
742,146552.66,0.80,222.51
743,146552.66,0.80,222.53
744,146552.66,0.80,222.55
745,146552.66,0.80,222.56
746,146552.66,0.80,222.58
747,146552.66,0.80,222.60
748,146552.66,0.80,222.62
749,146552.66,0.81,222.64
750,146552.66,0.81,222.66
751,146552.66,0.81,222.68
752,146552.66,0.81,222.70
753,146552.66,0.81,222.71
754,146552.66,0.81,222.73
755,146552.66,0.81,222.75
756,146552.66,0.81,222.77
757,146552.66,0.81,222.79
758,146552.66,0.81,222.81
759,146552.66,0.81,222.83
760,146552.66,0.81,222.85
761,146552.66,0.81,222.86
762,146552.66,0.82,222.88
763,146552.66,0.82,222.90
764,146552.66,0.82,222.92
765,146552.66,0.82,222.94
766,146552.66,0.82,222.96
767,146552.66,0.82,222.98
768,146552.66,0.82,223.00
769,146552.66,0.82,223.01
770,146552.66,0.82,223.03
771,146552.66,0.82,223.03
772,146552.66,0.82,223.03
773,146552.66,0.82,223.03
774,146552.66,0.82,223.03
775,146552.66,0.82,223.03
776,146552.66,0.82,223.03
777,146552.66,0.82,223.03
778,146552.66,0.82,223.03
779,146552.66,0.82,223.03
780,146552.66,0.82,223.03
781,146552.66,0.82,223.03
782,146552.66,0.82,223.03
783,146552.66,0.82,223.03
784,146552.66,0.82,223.03
785,146552.66,0.82,223.03
786,146552.66,0.82,223.03
787,146552.66,0.82,223.03
788,146552.66,0.82,223.03
789,146552.66,0.82,223.03
790,146552.66,0.82,223.03
791,146552.66,0.82,223.03
792,146552.66,0.82,223.03
793,146552.66,0.82,223.03
794,146552.66,0.82,223.03
795,146552.66,0.82,223.03
796,146552.66,0.82,223.03
797,146552.66,0.82,223.03
798,146552.66,0.82,223.03
799,146552.66,0.82,223.03
800,146552.66,0.82,223.03
801,146552.66,0.82,223.03
802,146552.66,0.82,223.03
803,146552.66,0.82,223.03
804,146552.66,0.82,223.05
805,146552.66,0.82,223.07
806,146552.66,0.82,223.09
807,146552.66,0.83,223.11
808,146552.66,0.83,223.13
809,146552.66,0.83,223.15
810,146552.66,0.83,223.16
811,146552.66,0.83,223.18
812,146552.66,0.83,223.20
813,146552.66,0.83,223.22
814,146552.66,0.83,223.24
815,146552.66,0.83,223.26
816,146552.66,0.83,223.28
817,146552.66,0.83,223.30
818,146552.66,0.83,223.31
819,146552.66,0.84,223.33
820,146552.66,0.84,223.35
821,146552.66,0.84,223.37
822,146552.66,0.84,223.39
823,146552.66,0.84,223.41
824,146552.66,0.84,223.43
825,146552.66,0.84,223.44
826,146552.66,0.84,223.46
827,146552.66,0.84,223.48
828,146552.66,0.84,223.50
829,146552.66,0.84,223.52
830,146552.66,0.84,223.54
831,146552.66,0.85,223.56
832,146552.66,0.85,223.58
833,146552.66,0.85,223.59
834,146552.66,0.85,223.61
835,146552.66,0.85,223.63
836,146552.66,0.85,223.65
837,146552.66,0.85,223.67
838,146552.66,0.85,223.69
839,146552.66,0.85,223.71
840,146552.66,0.85,223.73
841,146564.92,0.85,223.74
842,146577.19,0.85,223.76
843,146589.45,0.85,223.78
844,146601.72,0.85,223.80
845,146613.98,0.85,223.82
846,146626.25,0.85,223.84
847,146638.52,0.85,223.86
848,146650.78,0.85,223.88
849,146663.05,0.85,223.89
850,146675.33,0.85,223.91
851,146687.58,0.85,223.93
852,146699.84,0.85,223.95
853,146712.11,0.85,223.97
854,146724.38,0.85,223.99
855,146736.64,0.85,224.01
856,146748.91,0.85,224.03
857,146761.17,0.85,224.04
858,146773.44,0.85,224.06
859,146785.70,0.85,224.08
860,146797.97,0.85,224.10
861,146810.23,0.85,224.12
862,146822.50,0.85,224.14
863,146834.77,0.85,224.16
864,146847.03,0.85,224.18
865,146859.30,0.85,224.19
866,146871.56,0.85,224.21
867,146883.83,0.85,224.23
868,146896.08,0.85,224.25
869,146908.34,0.85,224.27
870,146920.61,0.85,224.29
871,146932.88,0.85,224.31
872,146945.14,0.85,224.32
873,146957.41,0.85,224.34
874,146969.67,0.85,224.36
875,146981.94,0.85,224.38
876,146994.20,0.85,224.40
877,147006.47,0.85,224.42
878,147018.73,0.85,224.44
879,147031.00,0.85,224.46
880,147043.27,0.85,224.47
881,147055.53,0.85,224.49
882,147067.80,0.85,224.51
883,147080.06,0.85,224.53
884,147092.33,0.85,224.55
885,147104.58,0.85,224.57
886,147116.84,0.85,224.59
887,147129.11,0.85,224.61
888,147141.38,0.85,224.62
889,147153.64,0.85,224.64
890,147165.91,0.85,224.66
891,147178.17,0.85,224.68
892,147190.44,0.85,224.70
893,147202.70,0.85,224.72
894,147214.97,0.85,224.74
895,147227.23,0.85,224.76
896,147239.50,0.85,224.77
897,147251.77,0.85,224.79
898,147264.03,0.85,224.81
899,147276.30,0.85,224.83
900,147288.56,0.85,224.85
901,147300.83,0.85,224.87
902,147313.08,0.85,224.89
903,147325.33,0.85,224.91
904,147337.59,0.85,224.92
905,147349.86,0.85,224.94
906,147362.12,0.85,224.96
907,147362.12,0.85,224.98
908,147362.12,0.85,225.00
909,147362.12,0.86,225.02
910,147362.12,0.86,225.04
911,147362.12,0.86,225.06
912,147362.12,0.86,225.07
913,147362.12,0.86,225.09
914,147362.12,0.86,225.11
915,147362.12,0.86,225.13
916,147362.12,0.86,225.15
917,147362.12,0.86,225.17
918,147362.12,0.86,225.19
919,147362.12,0.86,225.20
920,147362.12,0.86,225.22
921,147362.12,0.86,225.24
922,147362.12,0.87,225.26
923,147362.12,0.87,225.28
924,147362.12,0.87,225.30
925,147362.12,0.87,225.32
926,147362.12,0.87,225.34
927,147362.12,0.87,225.35
928,147362.12,0.87,225.37
929,147362.12,0.87,225.39
930,147362.12,0.87,225.41
931,147362.12,0.87,225.43
932,147362.12,0.87,225.45
933,147362.12,0.87,225.47
934,147362.12,0.88,225.49
935,147362.12,0.88,225.50
936,147362.12,0.88,225.52
937,147362.12,0.88,225.54
938,147362.12,0.88,225.56
939,147362.12,0.88,225.58
940,147362.12,0.88,225.60
941,147362.12,0.88,225.62
942,147362.12,0.88,225.64
943,147362.12,0.88,225.65
944,147362.12,0.88,225.67
945,147362.12,0.88,225.69
946,147362.12,0.89,225.71
947,147362.12,0.89,225.73
948,147362.12,0.89,225.75
949,147362.12,0.89,225.77
950,147362.12,0.89,225.79
951,147362.12,0.89,225.80
952,147362.12,0.89,225.82
953,147362.12,0.89,225.84
954,147362.12,0.89,225.86
955,147362.12,0.89,225.88
956,147362.12,0.89,225.90
957,147362.12,0.89,225.92
958,147362.12,0.90,225.94
959,147362.12,0.90,225.95
960,147362.12,0.90,225.97
961,147374.33,0.90,225.99
962,147386.53,0.90,226.01
963,147398.75,0.90,226.03
964,147410.97,0.90,226.05
965,147423.19,0.90,226.07
966,147435.41,0.90,226.08
967,147447.62,0.90,226.10
968,147459.84,0.90,226.12
969,147472.06,0.90,226.14
970,147484.28,0.90,226.16
971,147496.50,0.90,226.18
972,147508.70,0.90,226.20
973,147520.91,0.90,226.22
974,147533.11,0.90,226.23
975,147545.31,0.90,226.25
976,147557.52,0.90,226.27
977,147569.72,0.90,226.29
978,147581.92,0.90,226.31
979,147594.12,0.90,226.33
980,147606.33,0.90,226.35
981,147618.55,0.90,226.37
982,147630.77,0.90,226.38
983,147642.98,0.90,226.40
984,147655.20,0.90,226.42
985,147667.42,0.90,226.44
986,147679.64,0.90,226.46
987,147691.86,0.90,226.48
988,147704.08,0.90,226.50
989,147716.28,0.90,226.52
990,147728.48,0.90,226.53
991,147740.69,0.90,226.55
992,147752.89,0.90,226.57
993,147765.09,0.90,226.59
994,147777.30,0.90,226.61
995,147789.50,0.90,226.63
996,147801.70,0.90,226.65
997,147813.91,0.90,226.67
998,147826.12,0.90,226.68
999,147838.34,0.90,226.70
1000,147850.56,0.90,226.72
1001,147862.78,0.90,226.74
1002,147875.00,0.90,226.76
1003,147887.22,0.90,226.78
1004,147899.44,0.90,226.80
1005,147911.66,0.90,226.82
1006,147923.86,0.90,226.83
1007,147936.06,0.90,226.85
1008,147948.27,0.90,226.87
1009,147960.47,0.90,226.89
1010,147972.67,0.90,226.91
1011,147984.88,0.90,226.93
1012,147997.08,0.90,226.95
1013,148009.28,0.90,226.96
1014,148021.48,0.90,226.98
1015,148033.69,0.90,227.00
1016,148045.91,0.90,227.02
1017,148058.12,0.90,227.04
1018,148070.34,0.90,227.06
1019,148082.56,0.90,227.08
1020,148094.78,0.90,227.10
1021,148107.00,0.90,227.11
1022,148119.22,0.90,227.13
1023,148131.44,0.90,227.15
1024,148143.64,0.90,227.17
1025,148155.84,0.90,227.19
1026,148168.05,0.90,227.21
1027,148180.25,0.90,227.23
1028,148192.45,0.90,227.25
1029,148204.66,0.90,227.26
1030,148216.86,0.90,227.28
1031,148229.06,0.90,227.30
1032,148241.27,0.90,227.32
1033,148253.48,0.90,227.34
1034,148265.70,0.90,227.36
1035,148277.92,0.90,227.38
1036,148290.14,0.90,227.40
1037,148302.36,0.90,227.41
1038,148314.58,0.90,227.43
1039,148326.80,0.90,227.45
1040,148339.02,0.90,227.47
1041,148351.23,0.90,227.49
1042,148363.44,0.90,227.51
1043,148375.64,0.90,227.53
1044,148387.84,0.90,227.55
1045,148400.05,0.90,227.56
1046,148412.25,0.90,227.58
1047,148424.45,0.90,227.60
1048,148436.66,0.90,227.62
1049,148448.86,0.90,227.64
1050,148461.06,0.90,227.66
1051,148473.28,0.90,227.68
1052,148485.50,0.90,227.69
1053,148497.72,0.90,227.71
1054,148509.94,0.90,227.73
1055,148522.16,0.90,227.75
1056,148534.38,0.90,227.77
1057,148546.59,0.90,227.79
1058,148558.81,0.90,227.81
1059,148571.02,0.90,227.83
1060,148583.22,0.90,227.84
1061,148595.42,0.90,227.86
1062,148607.62,0.90,227.86
1063,148607.62,0.90,227.86
1064,148607.62,0.90,227.86
1065,148607.62,0.90,227.86
1066,148607.62,0.90,227.86
1067,148607.62,0.90,227.86
1068,148607.62,0.90,227.86
1069,148607.62,0.90,227.86
1070,148607.62,0.90,227.86
1071,148607.62,0.90,227.86
1072,148607.62,0.90,227.86
1073,148607.62,0.90,227.86
1074,148607.62,0.90,227.86
1075,148607.62,0.90,227.86
1076,148607.62,0.90,227.86
1077,148607.62,0.90,227.86
1078,148607.62,0.90,227.86
1079,148607.62,0.90,227.86
1080,148607.62,0.90,227.86
1081,148607.62,0.90,227.86
1082,148607.62,0.90,227.86
1083,148607.62,0.90,227.86
1084,148607.62,0.90,227.86
1085,148607.62,0.90,227.86
1086,148607.62,0.90,227.86
1087,148607.62,0.90,227.86
1088,148607.62,0.90,227.86
1089,148607.62,0.90,227.86
1090,148607.62,0.90,227.86
1091,148607.62,0.90,227.86
1092,148607.62,0.90,227.86
1093,148607.62,0.90,227.86
1094,148607.62,0.90,227.86
1095,148607.62,0.90,227.86
1096,148607.62,0.90,227.86
1097,148607.62,0.90,227.86
1098,148607.62,0.90,227.86
1099,148607.62,0.90,227.86
1100,148607.62,0.90,227.86
1101,148607.62,0.90,227.86
1102,148607.62,0.90,227.86
1103,148607.62,0.90,227.86
1104,148607.62,0.90,227.86
1105,148607.62,0.90,227.86
1106,148607.62,0.90,227.86
1107,148607.62,0.90,227.86
1108,148607.62,0.90,227.86
1109,148607.62,0.90,227.86
1110,148607.62,0.90,227.86
1111,148607.62,0.90,227.86
1112,148607.62,0.90,227.86
1113,148607.62,0.90,227.86
1114,148607.62,0.90,227.86
1115,148607.62,0.90,227.86
1116,148607.62,0.90,227.86
1117,148607.62,0.90,227.86
1118,148607.62,0.90,227.86
1119,148607.62,0.90,227.86
1120,148607.62,0.90,227.86
1121,148607.62,0.90,227.86
1122,148607.62,0.90,227.86
1123,148607.62,0.90,227.86
1124,148607.62,0.90,227.86
1125,148607.62,0.90,227.86
1126,148607.62,0.90,227.86
1127,148607.62,0.90,227.86
1128,148607.62,0.90,227.86
1129,148607.62,0.90,227.86
1130,148607.62,0.90,227.86
1131,148607.62,0.90,227.86
1132,148607.62,0.90,227.86
1133,148607.62,0.90,227.86
1134,148607.62,0.90,227.86
1135,148607.62,0.90,227.86
1136,148607.62,0.90,227.86
1137,148607.62,0.90,227.86
1138,148607.62,0.90,227.86
1139,148607.62,0.90,227.86
1140,148607.62,0.90,227.86
1141,148607.62,0.90,227.86
1142,148607.62,0.90,227.86
1143,148607.62,0.90,227.86
1144,148607.62,0.90,227.86
1145,148607.62,0.90,227.86
1146,148607.62,0.90,227.86
1147,148607.62,0.90,227.86
1148,148607.62,0.90,227.86
1149,148607.62,0.90,227.86
1150,148607.62,0.90,227.86
1151,148607.62,0.90,227.86
1152,148607.62,0.90,227.86
1153,148607.62,0.90,227.86
1154,148607.62,0.90,227.86
1155,148607.62,0.90,227.86
1156,148607.62,0.90,227.86
1157,148607.62,0.90,227.86
1158,148607.62,0.90,227.86
1159,148607.62,0.90,227.86
1160,148607.62,0.90,227.86
1161,148607.62,0.90,227.86
1162,148607.62,0.90,227.86
1163,148607.62,0.90,227.86
1164,148607.62,0.90,227.86
1165,148607.62,0.90,227.86
1166,148607.62,0.90,227.86
1167,148607.62,0.90,227.86
1168,148607.62,0.90,227.86
1169,148607.62,0.90,227.86
1170,148607.62,0.90,227.86
1171,148607.62,0.90,227.86
1172,148607.62,0.90,227.86
1173,148607.62,0.90,227.86
1174,148607.62,0.90,227.86
1175,148607.62,0.90,227.86
1176,148607.62,0.90,227.86
1177,148607.62,0.90,227.86
1178,148607.62,0.90,227.86
1179,148607.62,0.90,227.86
1180,148607.62,0.90,227.86
1181,148607.62,0.90,227.86
1182,148607.62,0.90,227.86
1183,148607.62,0.90,227.86
1184,148607.62,0.90,227.86
1185,148607.62,0.90,227.86
1186,148607.62,0.90,227.86
1187,148607.62,0.90,227.86
1188,148607.62,0.90,227.86
1189,148607.62,0.90,227.86
1190,148607.62,0.90,227.86
1191,148607.62,0.90,227.86
1192,148607.62,0.90,227.86
1193,148607.62,0.90,227.86
1194,148607.62,0.90,227.86
1195,148607.62,0.90,227.86
1196,148607.62,0.90,227.86
1197,148607.62,0.90,227.86
1198,148607.62,0.90,227.86
1199,148607.62,0.90,227.86
1200,148607.62,0.90,227.86
1201,148607.62,0.90,227.86
1202,148607.62,0.90,227.86
1203,148607.62,0.90,227.86
1204,148607.62,0.90,227.86
1205,148607.62,0.90,227.86
1206,148607.62,0.90,227.86
1207,148607.62,0.90,227.86
1208,148607.62,0.90,227.86
1209,148607.62,0.90,227.86
1210,148607.62,0.90,227.86
1211,148607.62,0.90,227.86
1212,148607.62,0.90,227.86
1213,148607.62,0.90,227.86
1214,148607.62,0.90,227.86
1215,148607.62,0.90,227.86
1216,148607.62,0.90,227.86
1217,148607.62,0.90,227.86
1218,148607.62,0.90,227.86
1219,148607.62,0.90,227.86
1220,148607.62,0.90,227.86
1221,148607.62,0.90,227.86
1222,148607.62,0.90,227.86
1223,148607.62,0.90,227.86
1224,148607.62,0.90,227.86
1225,148607.62,0.90,227.86
1226,148607.62,0.90,227.86
1227,148607.62,0.90,227.86
1228,148607.62,0.90,227.86
1229,148607.62,0.90,227.86
1230,148607.62,0.90,227.86
1231,148607.62,0.90,227.86
1232,148607.62,0.90,227.86
1233,148607.62,0.90,227.86
1234,148607.62,0.90,227.86
1235,148607.62,0.90,227.86
1236,148607.62,0.90,227.86
1237,148607.62,0.90,227.86
1238,148607.62,0.90,227.86
1239,148607.62,0.90,227.86
1240,148607.62,0.90,227.86
1241,148607.62,0.90,227.86
1242,148607.62,0.90,227.86
1243,148607.62,0.90,227.86
1244,148607.62,0.90,227.86
1245,148607.62,0.90,227.86
1246,148607.62,0.90,227.86
1247,148607.62,0.90,227.86
1248,148607.62,0.90,227.86
1249,148607.62,0.90,227.86
1250,148607.62,0.90,227.86
1251,148607.62,0.90,227.86
1252,148607.62,0.90,227.86
1253,148607.62,0.90,227.86
1254,148607.62,0.90,227.86
1255,148607.62,0.90,227.86
1256,148607.62,0.90,227.86
1257,148607.62,0.90,227.86
1258,148607.62,0.90,227.86
1259,148607.62,0.90,227.86
1260,148607.62,0.90,227.86
1261,148607.62,0.90,227.86
1262,148607.62,0.90,227.86
1263,148607.62,0.90,227.86
1264,148607.62,0.90,227.86
1265,148607.62,0.90,227.86
1266,148607.62,0.90,227.86
1267,148607.62,0.90,227.86
1268,148607.62,0.90,227.86
1269,148607.62,0.90,227.86
1270,148607.62,0.90,227.86
1271,148607.62,0.90,227.86
1272,148607.62,0.90,227.86
1273,148607.62,0.90,227.86
1274,148607.62,0.90,227.86
1275,148607.62,0.90,227.86
1276,148607.62,0.90,227.86
1277,148607.62,0.90,227.86
1278,148607.62,0.90,227.86
1279,148731.83,0.90,227.86
1280,148856.23,0.90,227.86
1281,148980.86,0.89,227.86
1282,149105.69,0.89,227.86
1283,149230.73,0.89,227.86
1284,149355.97,0.89,227.86
1285,149481.42,0.89,227.86
1286,149607.08,0.89,227.86
1287,149732.95,0.89,227.86
1288,149859.05,0.89,227.86
1289,149985.34,0.89,227.86
1290,150111.86,0.89,227.86
1291,150238.59,0.89,227.86
1292,150365.53,0.89,227.86
1293,150492.69,0.89,227.86
1294,150620.06,0.88,227.86
1295,150747.66,0.88,227.86
1296,150875.47,0.88,227.86
1297,151003.48,0.88,227.86
1298,151131.72,0.88,227.86
1299,151260.17,0.88,227.86
1300,151388.84,0.88,227.86
1301,151517.73,0.88,227.86
1302,151646.84,0.88,227.86
1303,151776.19,0.88,227.86
1304,151905.75,0.88,227.86
1305,152035.53,0.88,227.86
1306,152165.53,0.88,227.86
1307,152295.75,0.88,227.86
1308,152426.19,0.87,227.86
1309,152556.86,0.87,227.86
1310,152687.77,0.87,227.86
1311,152818.89,0.87,227.86
1312,152950.23,0.87,227.86
1313,153081.80,0.87,227.86
1314,153213.59,0.87,227.86
1315,153345.62,0.87,227.86
1316,153477.88,0.87,227.86
1317,153610.36,0.87,227.86
1318,153743.06,0.87,227.86
1319,153876.02,0.87,227.86
1320,154009.19,0.87,227.86
1321,154142.59,0.86,227.86
1322,154276.22,0.86,227.86
1323,154410.09,0.86,227.86
1324,154544.19,0.86,227.86
1325,154678.52,0.86,227.86
1326,154813.08,0.86,227.86
1327,154947.88,0.86,227.86
1328,155082.91,0.86,227.86
1329,155218.17,0.86,227.86
1330,155353.67,0.86,227.86
1331,155489.42,0.86,227.86
1332,155625.41,0.86,227.86
1333,155761.61,0.86,227.86
1334,155898.06,0.86,227.86
1335,156034.75,0.85,227.86
1336,156171.69,0.85,227.86
1337,156308.86,0.85,227.86
1338,156446.28,0.85,227.86
1339,156583.94,0.85,227.86
1340,156721.84,0.85,227.86
1341,156859.98,0.85,227.86
1342,156998.38,0.85,227.86
1343,157137.00,0.85,227.86
1344,157275.88,0.85,227.86
1345,157414.98,0.85,227.86
1346,157554.36,0.85,227.86
1347,157693.98,0.85,227.86
1348,157833.84,0.84,227.86
1349,157973.97,0.84,227.86
1350,158114.33,0.84,227.86
1351,158254.94,0.84,227.86
1352,158395.81,0.84,227.86
1353,158536.92,0.84,227.86
1354,158678.28,0.84,227.86
1355,158819.91,0.84,227.86
1356,158961.77,0.84,227.86
1357,159103.89,0.84,227.86
1358,159246.27,0.84,227.86
1359,159388.89,0.84,227.86
1360,159531.78,0.84,227.86
1361,159674.92,0.83,227.86
1362,159818.33,0.83,227.86
1363,159961.98,0.83,227.86
1364,160105.89,0.83,227.86
1365,160250.06,0.83,227.86
1366,160394.50,0.83,227.86
1367,160539.20,0.83,227.86
1368,160684.16,0.83,227.86
1369,160829.38,0.83,227.86
1370,160974.86,0.83,227.86
1371,161120.61,0.83,227.86
1372,161266.62,0.83,227.86
1373,161412.91,0.83,227.86
1374,161559.45,0.83,227.86
1375,161706.27,0.82,227.86
1376,161853.34,0.82,227.86
1377,162000.69,0.82,227.86
1378,162148.31,0.82,227.86
1379,162296.19,0.82,227.86
1380,162444.33,0.82,227.86
1381,162592.73,0.82,227.86
1382,162741.42,0.82,227.86
1383,162890.38,0.82,227.86
1384,163039.62,0.82,227.86
1385,163189.14,0.82,227.86
1386,163338.94,0.82,227.86
1387,163489.00,0.82,227.86
1388,163639.34,0.81,227.86
1389,163789.95,0.81,227.86
1390,163940.84,0.81,227.86
1391,164092.02,0.81,227.86
1392,164243.45,0.81,227.86
1393,164395.17,0.81,227.86
1394,164547.19,0.81,227.86
1395,164699.48,0.81,227.86
1396,164852.06,0.81,227.86
1397,165004.92,0.81,227.86
1398,165158.05,0.81,227.86
1399,165311.48,0.81,227.86
1400,165465.20,0.81,227.86
1401,165619.20,0.80,227.86
1402,165773.48,0.80,227.86
1403,165928.06,0.80,227.86
1404,166082.92,0.80,227.86
1405,166238.06,0.80,227.86
1406,166393.52,0.80,227.86
1407,166549.25,0.80,227.86
1408,166705.27,0.80,227.86
1409,166861.58,0.80,227.86
1410,167018.19,0.80,227.86
1411,167175.08,0.80,227.86
1412,167332.28,0.80,227.86
1413,167489.77,0.80,227.86
1414,167647.56,0.80,227.86
1415,167805.64,0.79,227.86
1416,167964.03,0.79,227.86
1417,168122.72,0.79,227.86
1418,168281.70,0.79,227.86
1419,168440.98,0.79,227.86
1420,168600.58,0.79,227.86
1421,168760.47,0.79,227.86
1422,168920.67,0.79,227.86
1423,169081.16,0.79,227.86
1424,169241.97,0.79,227.86
1425,169403.06,0.79,227.86
1426,169564.47,0.79,227.86
1427,169726.20,0.79,227.86
1428,169888.23,0.78,227.86
1429,170050.58,0.78,227.86
1430,170213.23,0.78,227.86
1431,170376.19,0.78,227.86
1432,170539.47,0.78,227.86
1433,170703.06,0.78,227.86
1434,170866.95,0.78,227.86
1435,171031.17,0.78,227.86
1436,171195.70,0.78,227.86
1437,171360.56,0.78,227.86
1438,171525.73,0.78,227.86
1439,171691.22,0.78,227.86
1440,171857.03,0.78,227.86
1441,172023.16,0.77,227.86
1442,172189.61,0.77,227.86
1443,172356.39,0.77,227.86
1444,172523.50,0.77,227.86
1445,172690.91,0.77,227.86
1446,172858.64,0.77,227.86
1447,173026.70,0.77,227.86
1448,173195.09,0.77,227.86
1449,173363.81,0.77,227.86
1450,173532.86,0.77,227.86
1451,173702.25,0.77,227.86
1452,173871.97,0.77,227.86
1453,174042.02,0.77,227.86
1454,174212.39,0.77,227.86
1455,174383.09,0.76,227.86
1456,174554.14,0.76,227.86
1457,174725.52,0.76,227.86
1458,174897.23,0.76,227.86
1459,175069.30,0.76,227.86
1460,175241.70,0.76,227.86
1461,175414.45,0.76,227.86
1462,175587.53,0.76,227.86
1463,175760.95,0.76,227.86
1464,175934.70,0.76,227.86
1465,176108.83,0.76,227.86
1466,176283.28,0.76,227.86
1467,176458.08,0.76,227.86
1468,176633.22,0.75,227.86
1469,176808.72,0.75,227.86
1470,176984.56,0.75,227.86
1471,177160.75,0.75,227.86
1472,177337.31,0.75,227.86
1473,177514.22,0.75,227.86
1474,177691.47,0.75,227.86
1475,177869.08,0.75,227.86
1476,178047.05,0.75,227.86
1477,178225.36,0.75,227.86
1478,178404.05,0.75,227.86
1479,178583.08,0.75,227.86
1480,178762.48,0.75,227.86
1481,178942.23,0.74,227.86
1482,179122.36,0.74,227.86
1483,179302.83,0.74,227.86
1484,179483.67,0.74,227.86
1485,179664.88,0.74,227.86
1486,179846.45,0.74,227.86
1487,180028.39,0.74,227.86
1488,180210.70,0.74,227.86
1489,180393.39,0.74,227.86
1490,180576.44,0.74,227.86
1491,180759.86,0.74,227.86
1492,180943.67,0.74,227.86
1493,181127.84,0.74,227.86
1494,181312.39,0.74,227.86
1495,181497.33,0.73,227.86
1496,181682.62,0.73,227.86
1497,181868.30,0.73,227.86
1498,182054.36,0.73,227.86
1499,182240.81,0.73,227.86
1500,182427.62,0.73,227.86
1501,182614.83,0.73,227.86
1502,182802.42,0.73,227.86
1503,182990.39,0.73,227.86
1504,183178.75,0.73,227.86
1505,183367.50,0.73,227.86
1506,183556.64,0.73,227.86
1507,183746.17,0.73,227.86
1508,183936.11,0.72,227.86
1509,184126.44,0.72,227.86
1510,184317.16,0.72,227.86
1511,184508.27,0.72,227.86
1512,184699.78,0.72,227.86
1513,184891.69,0.72,227.86
1514,184891.69,0.72,227.86
1515,184891.69,0.72,227.86
1516,184891.69,0.72,227.86
1517,184891.69,0.72,227.86
1518,184891.69,0.72,227.86
1519,184891.69,0.72,227.86
1520,184891.69,0.72,227.86
1521,184891.69,0.72,227.86
1522,184891.69,0.72,227.86
1523,184891.69,0.72,227.86
1524,184891.69,0.72,227.86
1525,184891.69,0.72,227.86
1526,184891.69,0.72,227.86
1527,184891.69,0.72,227.86
1528,184891.69,0.72,227.86
1529,184891.69,0.72,227.86
1530,184891.69,0.72,227.86
1531,184891.69,0.72,227.86
1532,184891.69,0.72,227.86
1533,184891.69,0.72,227.86
1534,184891.69,0.72,227.86
1535,184891.69,0.72,227.86
1536,184891.69,0.72,227.86
1537,184891.69,0.72,227.86
1538,184891.69,0.72,227.86
1539,184891.69,0.72,227.86
1540,184891.69,0.72,227.86
1541,184891.69,0.72,227.86
1542,184891.69,0.72,227.86
1543,184891.69,0.72,227.86
1544,184891.69,0.72,227.86
1545,184891.69,0.72,227.86
1546,184891.69,0.72,227.86
1547,184891.69,0.72,227.86
1548,184891.69,0.72,227.86
1549,184891.69,0.72,227.86
1550,184891.69,0.72,227.86
1551,184891.69,0.72,227.86
1552,184891.69,0.72,227.86
1553,184891.69,0.72,227.86
1554,184891.69,0.72,227.86
1555,184891.69,0.72,227.86
1556,184891.69,0.72,227.86
1557,184891.69,0.72,227.86
1558,184891.69,0.72,227.86
1559,184891.69,0.72,227.86
1560,184891.69,0.72,227.86
1561,184891.69,0.72,227.86
1562,184891.69,0.72,227.86
1563,184891.69,0.72,227.86
1564,184891.69,0.72,227.86
1565,184891.69,0.72,227.86
1566,184891.69,0.72,227.86
1567,184891.69,0.72,227.86
1568,184891.69,0.72,227.86
1569,184891.69,0.72,227.86
1570,184891.69,0.72,227.86
1571,184891.69,0.72,227.86
1572,184891.69,0.72,227.86
1573,184891.69,0.72,227.86
1574,184891.69,0.72,227.86
1575,184891.69,0.72,227.86
1576,184891.69,0.72,227.86
1577,184891.69,0.72,227.86
1578,184891.69,0.72,227.86
1579,184891.69,0.72,227.86
1580,184891.69,0.72,227.88
1581,184891.69,0.72,227.90
1582,184891.69,0.72,227.92
1583,184891.69,0.72,227.94
1584,184891.69,0.72,227.96
1585,184891.69,0.72,227.98
1586,184891.69,0.73,227.99
1587,184891.69,0.73,228.01
1588,184891.69,0.73,228.03
1589,184891.69,0.73,228.05
1590,184891.69,0.73,228.07
1591,184891.69,0.73,228.09
1592,184891.69,0.73,228.11
1593,184891.69,0.73,228.13
1594,184891.69,0.73,228.14
1595,184891.69,0.73,228.16
1596,184891.69,0.73,228.18
1597,184891.69,0.73,228.20
1598,184891.69,0.74,228.22
1599,184891.69,0.74,228.24
1600,184891.69,0.74,228.26
1601,184891.69,0.74,228.28
1602,184891.69,0.74,228.29
1603,184891.69,0.74,228.31
1604,184891.69,0.74,228.33
1605,184891.69,0.74,228.35
1606,184891.69,0.74,228.37
1607,184891.69,0.74,228.39
1608,184891.69,0.74,228.41
1609,184891.69,0.74,228.43
1610,184891.69,0.75,228.44
1611,184891.69,0.75,228.46
1612,184891.69,0.75,228.48
1613,184891.69,0.75,228.50
1614,184891.69,0.75,228.52
1615,184891.69,0.75,228.54
1616,184891.69,0.75,228.56
1617,184891.69,0.75,228.57
1618,184891.69,0.75,228.59
1619,184891.69,0.75,228.61
1620,184891.69,0.75,228.63
1621,184891.69,0.75,228.65
1622,184891.69,0.75,228.67
1623,184891.69,0.76,228.69
1624,184891.69,0.76,228.71
1625,184891.69,0.76,228.72
1626,184891.69,0.76,228.74
1627,184891.69,0.76,228.76
1628,184891.69,0.76,228.78
1629,184891.69,0.76,228.80
1630,184891.69,0.76,228.82
1631,184891.69,0.76,228.84
1632,184891.69,0.76,228.86
1633,184891.69,0.76,228.87
1634,184891.69,0.76,228.89
1635,184891.69,0.77,228.91
1636,184891.69,0.77,228.93
1637,184891.69,0.77,228.95
1638,184891.69,0.77,228.97
1639,184891.69,0.77,228.99
1640,184891.69,0.77,229.01
1641,184891.69,0.77,229.02
1642,184891.69,0.77,229.04
1643,184891.69,0.77,229.06
1644,184891.69,0.77,229.08
1645,184891.69,0.77,229.10
1646,184891.69,0.77,229.12
1647,184891.69,0.78,229.14
1648,184891.69,0.78,229.16
1649,184891.69,0.78,229.17
1650,184891.69,0.78,229.19
1651,184891.69,0.78,229.21
1652,184891.69,0.78,229.23
1653,184891.69,0.78,229.25
1654,184891.69,0.78,229.27
1655,184891.69,0.78,229.29
1656,184891.69,0.78,229.31
1657,184891.69,0.78,229.32
1658,184891.69,0.78,229.34
1659,184891.69,0.78,229.36
1660,184891.69,0.79,229.38
1661,184891.69,0.79,229.40
1662,184891.69,0.79,229.42
1663,184891.69,0.79,229.44
1664,184891.69,0.79,229.45
1665,184891.69,0.79,229.47
1666,184891.69,0.79,229.49
1667,184891.69,0.79,229.51
1668,184891.69,0.79,229.53
1669,184891.69,0.79,229.55
1670,184891.69,0.79,229.57
1671,184891.69,0.79,229.59
1672,184891.69,0.80,229.60
1673,184891.69,0.80,229.62
1674,184891.69,0.80,229.64
1675,184891.69,0.80,229.66
1676,184891.69,0.80,229.68
1677,184891.69,0.80,229.70
1678,184891.69,0.80,229.72
1679,184891.69,0.80,229.74
1680,184891.69,0.80,229.75
1681,184891.69,0.80,229.77
1682,184891.69,0.80,229.79
1683,184891.69,0.80,229.81
1684,184891.69,0.81,229.83
1685,184891.69,0.81,229.85
1686,184891.69,0.81,229.87
1687,184891.69,0.81,229.89
1688,184891.69,0.81,229.90
1689,184891.69,0.81,229.92
1690,184891.69,0.81,229.94
1691,184891.69,0.81,229.96
1692,184891.69,0.81,229.98
1693,184891.69,0.81,230.00
1694,184891.69,0.81,230.02
1695,184891.69,0.81,230.04
1696,184891.69,0.82,230.05
1697,184891.69,0.82,230.07
1698,184891.69,0.82,230.09
1699,184891.69,0.82,230.11
1700,184891.69,0.82,230.13
1701,184891.69,0.82,230.15
1702,184891.69,0.82,230.17
1703,184891.69,0.82,230.19
1704,184891.69,0.82,230.20
1705,184891.69,0.82,230.22
1706,184891.69,0.82,230.24
1707,184891.69,0.82,230.26
1708,184891.69,0.82,230.28
1709,184891.69,0.83,230.30
1710,184891.69,0.83,230.32
1711,184891.69,0.83,230.33
1712,184891.69,0.83,230.35
1713,184891.69,0.83,230.37
1714,184891.69,0.83,230.39
1715,184891.69,0.83,230.41
1716,184891.69,0.83,230.43
1717,184891.69,0.83,230.45
1718,184891.69,0.83,230.47
1719,184891.69,0.83,230.48
1720,184891.69,0.83,230.50
1721,184891.69,0.84,230.52
1722,184891.69,0.84,230.54
1723,184891.69,0.84,230.56
1724,184891.69,0.84,230.58
1725,184891.69,0.84,230.60
1726,184891.69,0.84,230.62
1727,184891.69,0.84,230.63
1728,184891.69,0.84,230.65
1729,184891.69,0.84,230.67
1730,184891.69,0.84,230.69
1731,184891.69,0.84,230.71
1732,184891.69,0.84,230.73
1733,184891.69,0.85,230.75
1734,184891.69,0.85,230.77
1735,184891.69,0.85,230.78
1736,184891.69,0.85,230.80
1737,184891.69,0.85,230.82
1738,184891.69,0.85,230.84
1739,184891.69,0.85,230.86
1740,184891.69,0.85,230.88
1741,184891.69,0.85,230.90
1742,184891.69,0.85,230.92
1743,184891.69,0.85,230.93
1744,184891.69,0.85,230.95
1745,184891.69,0.86,230.97
1746,184891.69,0.86,230.99
1747,184891.69,0.86,231.01
1748,184891.69,0.86,231.03
1749,184891.69,0.86,231.05
1750,184891.69,0.86,231.07
1751,184891.69,0.86,231.08
1752,184891.69,0.86,231.10
1753,184891.69,0.86,231.12
1754,184891.69,0.86,231.14
1755,184891.69,0.86,231.16
1756,184891.69,0.86,231.18
1757,184891.69,0.86,231.20
1758,184891.69,0.87,231.21
1759,184891.69,0.87,231.23
1760,184891.69,0.87,231.25
1761,184891.69,0.87,231.27
1762,184891.69,0.87,231.29
1763,184891.69,0.87,231.31
1764,184891.69,0.87,231.33
1765,184891.69,0.87,231.35
1766,184891.69,0.87,231.36
1767,184891.69,0.87,231.38
1768,184891.69,0.87,231.40
1769,184891.69,0.87,231.42
1770,184891.69,0.88,231.44
1771,184891.69,0.88,231.46
1772,184891.69,0.88,231.48
1773,184891.69,0.88,231.50
1774,184891.69,0.88,231.51
1775,184891.69,0.88,231.53
1776,184891.69,0.88,231.55
1777,184891.69,0.88,231.57
1778,184891.69,0.88,231.59
1779,184891.69,0.88,231.61
1780,184891.69,0.88,231.63
1781,184891.69,0.88,231.65
1782,184891.69,0.89,231.66
1783,184891.69,0.89,231.68
1784,184891.69,0.89,231.70
1785,184891.69,0.89,231.72
1786,184891.69,0.89,231.74
1787,184891.69,0.89,231.76
1788,184891.69,0.89,231.78
1789,184891.69,0.89,231.80
1790,184891.69,0.89,231.81
1791,184891.69,0.89,231.83
1792,184891.69,0.89,231.85
1793,184891.69,0.89,231.87
1794,184891.69,0.90,231.89
1795,184891.69,0.90,231.91
1796,184891.69,0.90,231.93
1797,184891.69,0.90,231.94
1798,184891.69,0.90,231.96
1799,184891.69,0.90,231.98
1800,184891.69,0.90,232.00
1801,184891.69,0.90,232.02
1802,184891.69,0.90,232.04
1803,184891.69,0.90,232.06
1804,184891.69,0.90,232.08
1805,184891.69,0.90,232.09
1806,184891.69,0.91,232.11
1807,184891.69,0.91,232.13
1808,184891.69,0.91,232.15
1809,184891.69,0.91,232.17
1810,184891.69,0.91,232.19
1811,184891.69,0.91,232.21
1812,184891.69,0.91,232.23
1813,184891.69,0.91,232.24
1814,184891.69,0.91,232.26
1815,184891.69,0.91,232.28
1816,184891.69,0.91,232.30
1817,184891.69,0.91,232.32
1818,184891.69,0.92,232.34
1819,184891.69,0.92,232.36
1820,184891.69,0.92,232.38
1821,184891.69,0.92,232.39
1822,184891.69,0.92,232.41
1823,184891.69,0.92,232.43
1824,184891.69,0.92,232.45
1825,184891.69,0.92,232.47
1826,184891.69,0.92,232.49
1827,184891.69,0.92,232.51
1828,184891.69,0.92,232.53
1829,184891.69,0.92,232.54
1830,184891.69,0.92,232.56
1831,184891.69,0.93,232.58
1832,184891.69,0.93,232.60
1833,184891.69,0.93,232.62
1834,184891.69,0.93,232.64
1835,184891.69,0.93,232.66
1836,184891.69,0.93,232.68
1837,184891.69,0.93,232.69
1838,184891.69,0.93,232.71
1839,184891.69,0.93,232.73
1840,184891.69,0.93,232.75
1841,184891.69,0.93,232.77
1842,184891.69,0.93,232.79
1843,184891.69,0.94,232.81
1844,184891.69,0.94,232.82
1845,184891.69,0.94,232.84
1846,184891.69,0.94,232.86
1847,184891.69,0.94,232.88
1848,184891.69,0.94,232.90
1849,184891.69,0.94,232.92
1850,184891.69,0.94,232.94
1851,184891.69,0.94,232.96
1852,184891.69,0.94,232.97
1853,184891.69,0.94,232.99
1854,184891.69,0.94,233.01
1855,184891.69,0.95,233.03
1856,184891.69,0.95,233.05
1857,184891.69,0.95,233.07
1858,184891.69,0.95,233.09
1859,184891.69,0.95,233.11
1860,184891.69,0.95,233.12
1861,184891.69,0.95,233.14
1862,184891.69,0.95,233.16
1863,184891.69,0.95,233.18
1864,184891.69,0.95,233.20
1865,184891.69,0.95,233.22
1866,184891.69,0.95,233.24
1867,184891.69,0.96,233.26
1868,184891.69,0.96,233.27
1869,184891.69,0.96,233.29
1870,184891.69,0.96,233.31
1871,184891.69,0.96,233.33
1872,184891.69,0.96,233.35
1873,184891.69,0.96,233.37
1874,184891.69,0.96,233.39
1875,184891.69,0.96,233.41
1876,184891.69,0.96,233.42
1877,184891.69,0.96,233.44
1878,184891.69,0.96,233.46
1879,184891.69,0.97,233.48
1880,184891.69,0.97,233.50
1881,184891.69,0.97,233.52
1882,184891.69,0.97,233.54
1883,184891.69,0.97,233.56
1884,184891.69,0.97,233.57
1885,184891.69,0.97,233.59
1886,184891.69,0.97,233.61
1887,184891.69,0.97,233.63
1888,184891.69,0.97,233.65
1889,184891.69,0.97,233.67
1890,184891.69,0.97,233.69
1891,184891.69,0.98,233.70
1892,184891.69,0.98,233.72
1893,184891.69,0.98,233.74
1894,184891.69,0.98,233.76
1895,184891.69,0.98,233.78
1896,184891.69,0.98,233.80
1897,184891.69,0.98,233.82
1898,184891.69,0.98,233.84
1899,184891.69,0.98,233.85
1900,184891.69,0.98,233.87
1901,184891.69,0.98,233.89
1902,184891.69,0.98,233.91
1903,184891.69,0.99,233.93
1904,184891.69,0.99,233.95
1905,184891.69,0.99,233.97
1906,184891.69,0.99,233.99
1907,184891.69,0.99,234.00
1908,184891.69,0.99,234.02
1909,184891.69,0.99,234.04
1910,184891.69,0.99,234.06
1911,184891.69,0.99,234.08
1912,184891.69,0.99,234.10
1913,184891.69,0.99,234.12
1914,184891.69,0.99,234.14
1915,184891.69,1.00,234.15
1916,184891.69,1.00,234.17
1917,184891.69,1.00,234.19
1918,184891.69,1.00,234.21
1919,184891.69,1.00,234.23
1920,184891.69,1.00,234.25
1921,184891.69,1.00,234.27
1922,184891.69,1.00,234.29
1923,184891.69,1.00,234.30
1924,184891.69,1.00,234.32
1925,184891.69,1.00,234.34
1926,184891.69,1.00,234.36
1927,184891.69,1.01,234.38
1928,184891.69,1.01,234.40
1929,184891.69,1.01,234.42
1930,184891.69,1.01,234.44
1931,184891.69,1.01,234.45
1932,184891.69,1.01,234.47
1933,184891.69,1.01,234.49
1934,184891.69,1.01,234.51
1935,184891.69,1.01,234.53
1936,184891.69,1.01,234.55
1937,184891.69,1.01,234.57
1938,184891.69,1.01,234.58
1939,184891.69,1.02,234.60
1940,184891.69,1.02,234.62
1941,184891.69,1.02,234.64
1942,184891.69,1.02,234.66
1943,184891.69,1.02,234.68
1944,184891.69,1.02,234.70
1945,184891.69,1.02,234.72
1946,184891.69,1.02,234.73
1947,184891.69,1.02,234.75
1948,184891.69,1.02,234.77
1949,184891.69,1.02,234.79
1950,184891.69,1.02,234.81
1951,184891.69,1.03,234.83
1952,184891.69,1.03,234.85
1953,184891.69,1.03,234.87
1954,184891.69,1.03,234.88
1955,184891.69,1.03,234.90
1956,184891.69,1.03,234.92
1957,184891.69,1.03,234.94
1958,184891.69,1.03,234.96
1959,184891.69,1.03,234.98
1960,184891.69,1.03,235.00
1961,184891.69,1.03,235.02
1962,184891.69,1.03,235.03
1963,184891.69,1.04,235.05
1964,184891.69,1.04,235.07
1965,184891.69,1.04,235.09
1966,184891.69,1.04,235.11
1967,184891.69,1.04,235.13
1968,184891.69,1.04,235.15
1969,184891.69,1.04,235.17
1970,184891.69,1.04,235.18
1971,184891.69,1.04,235.20
1972,184891.69,1.04,235.22
1973,184891.69,1.04,235.24
1974,184891.69,1.04,235.26
1975,184891.69,1.04,235.28
1976,184891.69,1.05,235.30
1977,184891.69,1.00,235.32
1978,184891.69,1.00,235.33
1979,184891.69,1.00,235.35
1980,184891.69,1.00,235.37
1981,184891.69,1.00,235.39
1982,184891.69,1.00,235.41
1983,184891.69,1.00,235.43
1984,184891.69,1.00,235.45
1985,184891.69,1.00,235.46
1986,184891.69,1.00,235.48
1987,184891.69,1.00,235.50
1988,184891.69,1.00,235.52
1989,184891.69,1.00,235.54
1990,184891.69,1.00,235.56
1991,184891.69,1.00,235.58
1992,184891.69,1.00,235.60
1993,184891.69,1.00,235.61
1994,184891.69,1.00,235.63
1995,184891.69,1.00,235.65
1996,184891.69,1.00,235.67
1997,184891.69,1.00,235.69
1998,184891.69,1.00,235.71
1999,184891.69,1.00,235.73
2000,184891.69,1.00,235.75
2001,184891.69,1.00,235.76
2002,184891.69,1.00,235.78
2003,184891.69,1.00,235.80
2004,184891.69,1.00,235.82
2005,184891.69,1.00,235.84
2006,184891.69,1.00,235.86
2007,184891.69,1.00,235.88
2008,184891.69,1.00,235.90
2009,184891.69,1.00,235.91
2010,184891.69,1.00,235.93
2011,184891.69,1.00,235.95
2012,184891.69,1.00,235.97
2013,184891.69,1.00,235.99
2014,184891.69,1.00,236.01
2015,184891.69,1.00,236.03
2016,184891.69,1.00,236.05
2017,184891.69,1.00,236.06
2018,184891.69,1.00,236.08
2019,184891.69,1.00,236.10
2020,184891.69,1.00,236.12
2021,184891.69,1.00,236.14
2022,184891.69,1.00,236.16
2023,184891.69,1.00,236.18
2024,184891.69,1.00,236.19
2025,184891.69,1.00,236.21
2026,184891.69,1.00,236.21
2027,184891.69,1.00,236.21
2028,184891.69,1.00,236.21
2029,184891.69,1.00,236.21
2030,184891.69,1.00,236.21
2031,184891.69,1.00,236.21
2032,184891.69,1.00,236.21
2033,184891.69,1.00,236.21
2034,184891.69,1.00,236.21
2035,184891.69,1.00,236.21
2036,184891.69,1.00,236.21
2037,184891.69,1.00,236.21
2038,184891.69,1.00,236.21
2039,184891.69,1.00,236.21
2040,184891.69,1.00,236.21
2041,184891.69,1.00,236.21
2042,184891.69,1.00,236.21
2043,184891.69,1.00,236.21
2044,184891.69,1.00,236.21
2045,184891.69,1.00,236.21
2046,184891.69,1.00,236.21
2047,184891.69,1.00,236.21
2048,184891.69,1.00,236.21
2049,184891.69,1.00,236.21
2050,184891.69,1.00,236.21
2051,184891.69,1.00,236.21
2052,184891.69,1.00,236.21
2053,184891.69,1.00,236.21
2054,184891.69,1.00,236.21
2055,184891.69,1.00,236.21
2056,184891.69,1.00,236.21
2057,184891.69,1.00,236.21
2058,184891.69,1.00,236.21
2059,184891.69,1.00,236.21
2060,184891.69,1.00,236.21
2061,184891.69,1.00,236.21
2062,184891.69,1.00,236.21
2063,184891.69,1.00,236.21
2064,184891.69,1.00,236.21
2065,184891.69,1.00,236.21
2066,184891.69,1.00,236.21
2067,184891.69,1.00,236.21
2068,184891.69,1.00,236.21
2069,184891.69,1.00,236.21
2070,184891.69,1.00,236.21
2071,184891.69,1.00,236.21
2072,184891.69,1.00,236.21
2073,184891.69,1.00,236.21
2074,184891.69,1.00,236.21
2075,184891.69,1.00,236.21
2076,184891.69,1.00,236.21
2077,184891.69,1.00,236.21
2078,184891.69,1.00,236.21
2079,184891.69,1.00,236.21
2080,184891.69,1.00,236.21
2081,184891.69,1.00,236.21
2082,184891.69,1.00,236.21
2083,184891.69,1.00,236.21
2084,184891.69,1.00,236.21
2085,184891.69,1.00,236.21
2086,184891.69,1.00,236.21
2087,184891.69,1.00,236.21
2088,184891.69,1.00,236.21
2089,184891.69,1.00,236.21
2090,184891.69,1.00,236.21
2091,184891.69,1.00,236.21
2092,184891.69,1.00,236.21
2093,184891.69,1.00,236.21
2094,184891.69,1.00,236.21
2095,184891.69,1.00,236.21
2096,185030.28,1.00,236.21
2097,185169.09,1.00,236.21
2098,185308.11,1.00,236.21
2099,185447.33,1.00,236.21
2100,185586.75,1.00,236.21
2101,185726.39,1.00,236.21
2102,185866.25,0.99,236.21
2103,186006.30,0.99,236.21
2104,186146.56,0.99,236.21
2105,186287.05,0.99,236.21
2106,186427.75,0.99,236.21
2107,186568.66,0.99,236.21
2108,186709.78,0.99,236.21
2109,186851.11,0.99,236.21
2110,186992.66,0.99,236.21
2111,187134.42,0.99,236.21
2112,187276.41,0.99,236.21
2113,187418.59,0.99,236.21
2114,187561.00,0.99,236.21
2115,187703.62,0.99,236.21
2116,187846.47,0.98,236.21
2117,187989.53,0.98,236.21
2118,188132.83,0.98,236.21
2119,188276.34,0.98,236.21
2120,188420.05,0.98,236.21
2121,188563.98,0.98,236.21
2122,188708.14,0.98,236.21
2123,188852.52,0.98,236.21
2124,188997.11,0.98,236.21
2125,189141.94,0.98,236.21
2126,189286.98,0.98,236.21
2127,189432.25,0.98,236.21
2128,189577.75,0.98,236.21
2129,189723.47,0.97,236.21
2130,189869.42,0.97,236.21
2131,190015.59,0.97,236.21
2132,190161.98,0.97,236.21
2133,190308.61,0.97,236.21
2134,190455.45,0.97,236.21
2135,190602.53,0.97,236.21
2136,190749.83,0.97,236.21
2137,190897.36,0.97,236.21
2138,191045.12,0.97,236.21
2139,191193.11,0.97,236.21
2140,191341.33,0.97,236.21
2141,191489.77,0.97,236.21
2142,191638.44,0.96,236.21
2143,191787.34,0.96,236.21
2144,191936.48,0.96,236.21
2145,192085.84,0.96,236.21
2146,192235.44,0.96,236.21
2147,192385.27,0.96,236.21
2148,192535.33,0.96,236.21
2149,192685.62,0.96,236.21
2150,192836.14,0.96,236.21
2151,192986.92,0.96,236.21
2152,193137.94,0.96,236.21
2153,193289.19,0.96,236.21
2154,193440.67,0.96,236.21
2155,193592.39,0.96,236.21
2156,193744.34,0.95,236.21
2157,193896.55,0.95,236.21
2158,194048.98,0.95,236.21
2159,194201.66,0.95,236.21
2160,194354.56,0.95,236.21
2161,194507.70,0.95,236.21
2162,194661.11,0.95,236.21
2163,194814.75,0.95,236.21
2164,194968.62,0.95,236.21
2165,195122.75,0.95,236.21
2166,195277.11,0.95,236.21
2167,195431.73,0.95,236.21
2168,195586.59,0.95,236.21
2169,195741.69,0.94,236.21
2170,195897.05,0.94,236.21
2171,196052.64,0.94,236.21
2172,196208.48,0.94,236.21
2173,196364.56,0.94,236.21
2174,196520.91,0.94,236.21
2175,196677.50,0.94,236.21
2176,196834.33,0.94,236.21
2177,196991.42,0.94,236.21
2178,197148.77,0.94,236.21
2179,197306.34,0.94,236.21
2180,197464.19,0.94,236.21
2181,197622.28,0.94,236.21
2182,197780.64,0.93,236.21
2183,197939.25,0.93,236.21
2184,198098.09,0.93,236.21
2185,198257.22,0.93,236.21
2186,198416.58,0.93,236.21
2187,198576.22,0.93,236.21
2188,198736.09,0.93,236.21
2189,198896.22,0.93,236.21
2190,199056.62,0.93,236.21
2191,199217.27,0.93,236.21
2192,199378.19,0.93,236.21
2193,199539.36,0.93,236.21
2194,199700.80,0.93,236.21
2195,199862.48,0.93,236.21
2196,200024.45,0.92,236.21
2197,200186.67,0.92,236.21
2198,200349.16,0.92,236.21
2199,200511.89,0.92,236.21
2200,200674.91,0.92,236.21
2201,200838.17,0.92,236.21
2202,201001.72,0.92,236.21
2203,201165.55,0.92,236.21
2204,201329.62,0.92,236.21
2205,201493.98,0.92,236.21
2206,201658.59,0.92,236.21
2207,201823.48,0.92,236.21
2208,201988.66,0.92,236.21
2209,202154.08,0.91,236.21
2210,202319.78,0.91,236.21
2211,202485.73,0.91,236.21
2212,202651.97,0.91,236.21
2213,202818.48,0.91,236.21
2214,202985.27,0.91,236.21
2215,203152.33,0.91,236.21
2216,203319.67,0.91,236.21
2217,203487.28,0.91,236.21
2218,203655.17,0.91,236.21
2219,203823.34,0.91,236.21
2220,203991.80,0.91,236.21
2221,204160.52,0.91,236.21
2222,204329.52,0.90,236.21
2223,204498.80,0.90,236.21
2224,204668.38,0.90,236.21
2225,204838.22,0.90,236.21
2226,205008.34,0.90,236.21
2227,205178.75,0.90,236.21
2228,205349.45,0.90,236.21
2229,205520.44,0.90,236.21
2230,205691.69,0.90,236.21
2231,205863.23,0.90,236.21
2232,206035.06,0.90,236.21
2233,206207.19,0.90,236.21
2234,206379.61,0.90,236.21
2235,206552.31,0.90,236.21
2236,206725.31,0.89,236.21
2237,206898.58,0.89,236.21
2238,207072.14,0.89,236.21
2239,207246.00,0.89,236.21
2240,207420.16,0.89,236.21
2241,207594.59,0.89,236.21
2242,207769.33,0.89,236.21
2243,207944.36,0.89,236.21
2244,208119.69,0.89,236.21
2245,208295.31,0.89,236.21
2246,208471.23,0.89,236.21
2247,208647.45,0.89,236.21
2248,208823.97,0.89,236.21
2249,208823.97,0.89,236.21
2250,208823.97,0.89,236.21
2251,208823.97,0.89,236.21
2252,208823.97,0.89,236.21
2253,208823.97,0.89,236.21
2254,208823.97,0.89,236.21
2255,208823.97,0.89,236.21
2256,208823.97,0.89,236.21
2257,208823.97,0.89,236.21
2258,208823.97,0.89,236.21
2259,208823.97,0.89,236.21
2260,208823.97,0.89,236.21
2261,208823.97,0.89,236.21
2262,208823.97,0.89,236.21
2263,208823.97,0.89,236.21
2264,208823.97,0.89,236.21
2265,208823.97,0.89,236.21
2266,208823.97,0.89,236.21
2267,208823.97,0.89,236.21
2268,208823.97,0.89,236.21
2269,208823.97,0.89,236.21
2270,208823.97,0.89,236.21
2271,208823.97,0.89,236.21
2272,208823.97,0.89,236.21
2273,208823.97,0.89,236.21
2274,208823.97,0.89,236.21
2275,208823.97,0.89,236.21
2276,208823.97,0.89,236.21
2277,208823.97,0.89,236.21
2278,208823.97,0.89,236.21
2279,208823.97,0.89,236.21
2280,208823.97,0.89,236.21
2281,208823.97,0.89,236.21
2282,208823.97,0.89,236.21
2283,208823.97,0.89,236.21
2284,208823.97,0.89,236.21
2285,208823.97,0.89,236.21
2286,208823.97,0.89,236.21
2287,208823.97,0.89,236.21
2288,208823.97,0.89,236.21
2289,208823.97,0.89,236.21
2290,208823.97,0.89,236.21
2291,208823.97,0.89,236.21
2292,208823.97,0.89,236.21
2293,208823.97,0.89,236.21
2294,208823.97,0.89,236.21
